WaterTreatmentFacility_FacilityName,Treatment_TreatmentNo,PerformedDate,Quantity,Descript
"Alphamax water purifier co",33,2018-01-01,0.0,"treatment failure"
"Alphamax water purifier co",55,2020-07-04,75000.0,"treatment successful"
Aquaforce,11,2017-01-01,25000.0,"treatment successful"
Aquaforce,33,2018-01-01,15000.0,"treatment successful"
Aquaforce,55,2019-01-01,5000.0,"treatment successful"
"Glacierclear waters",11,2018-01-01,77000.0,"treatment successful"
"Glacierclear waters",55,2017-01-01,75000.0,"treatment successful"
"Glacierclear waters",66,2019-01-01,79000.0,"treatment successful"
"Motley water treatment",44,2018-06-15,120000.0,"there is a strange smell in the air"
"Sid's Sewage",11,2020-02-02,50000.0,"Jason fell into the sanitation pit. No other mishaps."
"Sid's Sewage",77,2020-03-03,15000.0,"treatement successful."
"Water wonderland",22,2019-04-20,100000.0,"treatment successful"
"Water wonderland",33,2019-05-30,200000.0,"treatment successful"
"We need water",11,2019-05-05,220000.0,"treatment successful"
"We need water",22,2020-05-05,220000.0,"treatment successful"
"We need water",44,2017-05-05,220000.0,"treatment successful"
"We need water",66,2018-05-05,220000.0,"treatment successful"
